{
  "train_accuracy": 0.8307118751972635,
  "test_accuracy": 0.8324111081377381,
  "train_auc": 0.7096665209107127,
  "test_auc": 0.7070940740769465,
  "test_precision": 0.653187521193625,
  "test_recall": 0.09480743201673435,
  "test_f1": 0.16558141533965143,
  "train_win_rate": 17.685926781171684,
  "test_win_rate": 17.538824098132817,
  "train_predicted_positives": 46769,
  "test_predicted_positives": 11796
}